Workbook

Sheet Raw Data
A1: 📊 CFPB Auto Loan Origination Data – Monthly (2006–2025)
A2: Month Index | B2: Date | C2: Month Label | D2: Seasonally Adj. Originations | E2: Unadjusted Originations | F2: Year
A3: 72 | B3: 2006-01 | C3: Jan-2006 | D3: 1876300 | E3: 1647458 | F3: 2006
A4: 73 | B4: 2006-02 | C4: Feb-2006 | D4: 1803623 | E4: 1679287 | F4: 2006
A5: 74 | B5: 2006-03 | C5: Mar-2006 | D5: 1865094 | E5: 2053148 | F5: 2006
A6: 75 | B6: 2006-04 | C6: Apr-2006 | D6: 1823708 | E6: 1886143 | F6: 2006
A7: 76 | B7: 2006-05 | C7: May-2006 | D7: 1827906 | E7: 2022892 | F7: 2006
A8: 77 | B8: 2006-06 | C8: Jun-2006 | D8: 1876027 | E8: 2023555 | F8: 2006
A9: 78 | B9: 2006-07 | C9: Jul-2006 | D9: 1888816 | E9: 2088567 | F9: 2006
A10: 79 | B10: 2006-08 | C10: Aug-2006 | D10: 1907666 | E10: 2113242 | F10: 2006
A11: 80 | B11: 2006-09 | C11: Sep-2006 | D11: 1888992 | E11: 1837141 | F11: 2006
A12: 81 | B12: 2006-10 | C12: Oct-2006 | D12: 1933212 | E12: 1757858 | F12: 2006
A13: 82 | B13: 2006-11 | C13: Nov-2006 | D13: 1904733 | E13: 1666851 | F13: 2006
A14: 83 | B14: 2006-12 | C14: Dec-2006 | D14: 1880324 | E14: 1694729 | F14: 2006
... A237: 306 | B237: 2025-07 | C237: Jul-2025 | D237: 2208794 | E237: 2283277 | F237: 2025

Sheet Yearly Summary
A1: 📅 Auto Loan Originations – Yearly Summary
A2: Year | B2: Total Adj. Originations | C2: Total Unadj. Originations | D2: Avg Monthly Adj. | E2: YoY Change (Adj) | F2: Data Points
A3: 2006 | B3: 22476400 | C3: 22470871 | D3: 1873033 | E3: - | F3: 12
A4: 2007 | B4: 22518115 | C4: 22513928 | D4: 1876510 | E4: =(B4-B3)/B3 -> 0.0018559467 | F4: 12
A5: 2008 | B5: 19329201 | C5: 19420297 | D5: 1610767 | E5: =(B5-B4)/B4 -> -0.14161549 | F5: 12
A6: 2009 | B6: 15627212 | C6: 15649047 | D6: 1302268 | E6: =(B6-B5)/B5 -> -0.19152313 | F6: 12
A7: 2010 | B7: 17939700 | C7: 17950913 | D7: 1494975 | E7: =(B7-B6)/B6 -> 0.14797828 | F7: 12
A8: 2011 | B8: 20349986 | C8: 20324736 | D8: 1695832 | E8: =(B8-B7)/B7 -> 0.13435487 | F8: 12
A9: 2012 | B9: 22778017 | C9: 22781182 | D9: 1898168 | E9: =(B9-B8)/B8 -> 0.11931364 | F9: 12
A10: 2013 | B10: 24859518 | C10: 24874757 | D10: 2071626 | E10: =(B10-B9)/B9 -> 0.091382011 | F10: 12
A11: 2014 | B11: 26247841 | C11: 26264240 | D11: 2187320 | E11: =(B11-B10)/B10 -> 0.055846738 | F11: 12
A12: 2015 | B12: 27832893 | C12: 27854923 | D12: 2319408 | E12: =(B12-B11)/B11 -> 0.0603879 | F12: 12
A13: 2016 | B13: 28374071 | C13: 28364482 | D13: 2364506 | E13: =(B13-B12)/B12 -> 0.019443829 | F13: 12
A14: 2017 | B14: 27823592 | C14: 27816859 | D14: 2318633 | E14: =(B14-B13)/B13 -> -0.019400776 | F14: 12
A15: 2018 | B15: 28274432 | C15: 28262280 | D15: 2356203 | E15: =(B15-B14)/B14 -> 0.016203515 | F15: 12
... A22: 2025 | B22: 15221865 | C22: 15532600 | D22: 2174552 | E22: =(B22-B21)/B21 -> -0.40050805 | F22: 7
A23: TOTAL | B23: =SUM(B3:B22) -> 483683398 | C23: =SUM(C3:C22) -> 483979515 | D23: =AVERAGE(D3:D22) -> 2060650.7 | F23: =SUM(F3:F22) -> 235

Sheet Monthly Trend
A1: 📈 Monthly Auto Loan Originations Trend
A2: Date | B2: Month Label | C2: Seasonally Adj. | D2: Unadjusted
A3: 2006-01 | B3: Jan-2006 | C3: 1876300 | D3: 1647458
A4: 2006-02 | B4: Feb-2006 | C4: 1803623 | D4: 1679287
A5: 2006-03 | B5: Mar-2006 | C5: 1865094 | D5: 2053148
A6: 2006-04 | B6: Apr-2006 | C6: 1823708 | D6: 1886143
A7: 2006-05 | B7: May-2006 | C7: 1827906 | D7: 2022892
A8: 2006-06 | B8: Jun-2006 | C8: 1876027 | D8: 2023555
A9: 2006-07 | B9: Jul-2006 | C9: 1888816 | D9: 2088567
A10: 2006-08 | B10: Aug-2006 | C10: 1907666 | D10: 2113242
A11: 2006-09 | B11: Sep-2006 | C11: 1888992 | D11: 1837141
A12: 2006-10 | B12: Oct-2006 | C12: 1933212 | D12: 1757858
A13: 2006-11 | B13: Nov-2006 | C13: 1904733 | D13: 1666851
A14: 2006-12 | B14: Dec-2006 | C14: 1880324 | D14: 1694729
... A237: 2025-07 | B237: Jul-2025 | C237: 2208794 | D237: 2283277

Sheet KPI Dashboard
A1: 🏦 CFPB Auto Loan Originations – KPI Dashboard
A3: Total Originations (Adj.) | C3: Total Originations (Unadj.) | E3: Avg Monthly Originations
A4: =SUM('Raw Data'!D3:D237) -> 483683399 | C4: =SUM('Raw Data'!E3:E237) -> 483979514 | E4: =AVERAGE('Raw Data'!D3:D237) -> 2058227.2
A7: Peak Month Originations | C7: Min Month Originations | E7: Total Months of Data
A8: =MAX('Raw Data'!D3:D237) -> 2827187 | C8: =MIN('Raw Data'!D3:D237) -> 1205741 | E8: =COUNTA('Raw Data'!A3:A237) -> 235
